颈部前屈,颈部后仰,肩部上举范围,肩部前伸范围,肘部屈伸,手腕背伸,手腕桡偏/尺偏,背部屈曲范围,持续时间,重复频率,疲劳等级
34.96714153,59.26177548,130.9903315,77.78361076,123.2482173,65.70612997,10.46096221,56.80640912,9.409519185,10 ,2
28.61735699,69.0941664,123.8695052,64.48814284,128.5548133,69.68184661,15.69807495,38.72686554,11.90638953,8 ,2
36.47688538,36.01432426,110.8944555,61.81801117,122.0758008,56.68691617,17.93197233,45.45222709,12.05405062,8 ,1
45.23029856,55.62969237,100.2959483,69.96625543,126.9203847,53.87763265,29.43843829,45.51197902,13.41789104,17 ,1
27.65846625,43.49357431,120.4733497,68.29815377,111.0638533,49.14849473,22.78276562,39.98215807,7.89942491,14 ,0
27.65863043,45.12874616,115.9022808,65.46771951,132.1329371,51.7458947,13.32259215,31.27534452,13.77770182,17 ,1
45.79212816,44.07606076,123.4278983,76.96387447,130.0120548,80,22.43018145,48.22974504,6,18 ,2
37.67434729,41.3600923,119.527577,79.55305209,121.8291137,72.44679581,12.26348006,44.38996028,10.11034634,16 ,2
25.30525614,50.48521628,125.7432907,70.88406886,136.5924567,46.48925634,25.41345527,50.00240469,10.53517847,18 ,0
35.42560044,41.69049884,101.9714718,84.77530081,139.3757014,46.77542043,17.64437674,39.66399694,13.89998048,15 ,0
25.36582307,52.70456826,129.760911,58.58310886,113.9244014,64.81866062,19.53181906,57.20821299,12.06789256,9 ,2
25.34270246,49.49761891,112.9639941,68.06340541,122.3727522,65.47264797,26.62898324,36.23226219,7.783310838,20 ,0
32.41962272,47.61051953,140,62.83177679,122.3085765,65.48883835,13.56418216,62.12040284,9.045020623,12 ,2
15,40.92436338,99.66218273,51.33463383,120.600969,57.45044206,13.01440907,30,12.59604003,10 ,0
15,44.23228669,136.039457,69.17319314,138.2947484,58.7454574,17.08200337,49.34770065,11.76279797,14 ,1
24.37712471,57.55391226,112.9686618,68.78252492,128.0617386,63.27879524,25.19189426,49.75430683,10.26262767,10 ,1
19.8716888,55.00917188,100.2287299,85.13449743,127.3548516,60.85893006,12.40326962,37.04442932,10.55749863,13 ,0
33.14247333,40.22444755,102.7417125,76.30811685,109.9613764,40,10,49.24393938,14.08850399,17 ,0
20.91975924,50.99332305,105.1947904,59.75813176,136.3541803,57.70200369,17.74420571,57.7951867,10.44692228,17 ,0
15.87696299,57.51387123,116.3624892,88.54092566,117.6074161,51.48593566,22.758704,30,11.73572627,11 ,0
44.65648769,33.30594719,117.8425323,82.21033696,130.5993263,61.75211419,26.00130875,50.02744807,18.50980976,13 ,2
27.742237,55.43360192,101.3944999,75.82097703,132.7737694,80,17.68419319,30,7.728952089,20 ,2
30.67528205,43.37376241,109.6346811,67.73515901,143.606586,63.67481665,17.94286696,35.34335196,6.444471805,17 ,0
15.75251814,55.70598669,140,60.40560763,116.911796,56.86470314,25.76950367,61.29166365,14.35076899,25 ,2
24.55617275,42.36740843,135.9131476,66.27793224,100,69.21801502,10.6512915,39.18217967,9.964070816,21 ,1
31.1092259,31.95117899,116.544855,80.8874862,131.8384954,64.82687887,18.05739612,33.26120036,11.04528742,21 ,1
18.49006423,33.72457562,110.5700522,88.84586306,148.0051118,64.2009449,20.95211945,43.02062271,9.656530866,8 ,1
33.75698018,50.48084947,111.8004699,85.43243528,142.3894635,66.06850593,22.24609361,65,11.22059958,19 ,2
23.9936131,52.59722502,119.2027696,65.11150578,132.0965942,80,17.45096653,30,16.79561434,15 ,2
27.0830625,40.95683375,94.65811152,58.80382567,125.0836381,48.69111565,20.17220506,34.48690088,14.40638538,12 ,0
23.98293388,56.38592459,106.1393519,71.40886247,138.071226,64.73632077,10,59.97431683,14.58667054,16 ,2
48.52278185,33.38479938,84.97123889,52.31560634,120.264538,50.7361887,16.70875794,63.57702344,7.751318833,20 ,0
29.86502775,49.33920201,115.9883468,73.23167714,134.7635777,65.55512646,22.26754356,43.96568776,8.54653879,18 ,1
19.42289071,37.889838,119.7079391,68.52397414,135.0547016,50.81313489,15.08852983,32.60947297,6,11 ,0
38.22544912,43.48163892,102.7522031,65.33963498,140.6020991,55.82633186,20.29492111,65,9.571857537,19 ,0
17.7915635,50.47398671,133.6098014,54.05296933,157.5966004,57.04910086,22.2343625,60.94442392,14.87010956,12 ,2
32.08863595,41.39586635,91.61351505,75.13600107,133.9241597,69.75816719,18.287254,51.78946988,13.55083955,16 ,2
15,46.15444456,88.0343768,64.6729916,124.9103637,69.18454444,20.85231885,36.87597651,11.33546021,13 ,1
16.71813951,60.06292809,113.3667773,58.30083164,129.7442569,47.54282624,15.18633717,44.50970659,11.93309915,14 ,0
31.96861236,44.2310813,125.7064745,50,112.309241,60.54934111,18.9669436,43.39639919,9.933343372,19 ,1
37.3846658,58.35692112,135.2589154,69.72485095,123.0528687,52.90420145,23.05108085,48.30851305,12.61427665,10 ,1
31.71368281,38.70293145,103.1167361,87.72251597,125.9071756,47.41495089,20.7848648,59.51001438,14.29763484,25 ,0
28.84351718,55.29804178,126.1802125,86.61259215,124.759116,57.8298295,17.06734365,53.79417041,7.152339638,8 ,0
26.98896304,64.41568621,109.422373,65.42903743,131.5235487,56.91517212,21.12108202,34.22623923,12.89894306,12 ,1
15.2147801,30,107.4105905,63.9778794,121.7758007,80,23.57304895,58.7649645,14.79730461,17 ,2
22.80155792,42.03104745,123.2548991,74.68774256,141.2103067,64.32959825,10,48.1313214,10.75469913,18 ,1
25.39361229,55.77072127,119.7848432,60.01614561,130.0020706,46.22382499,25.79537032,51.87065796,14.10210184,14 ,0
40.57122226,47.96954614,86.35411765,73.017919,129.9069968,54.35225996,18.31872631,59.66540859,20.44396333,15 ,2
33.4361829,53.71145873,132.1481052,77.66080278,126.7210528,70.21383295,22.12744967,33.8841975,11.68697162,17 ,2
15,43.96014813,130.7013703,82.26933224,131.5519068,80,25.98623462,44.64174421,13.17992115,14 ,2
33.24083969,50.86589787,100.6165595,68.99845924,138.2509826,44.14016688,13.14163151,39.68545449,9.785828749,22 ,0
26.1491772,48.44322765,115.937053,67.9632625,121.3286978,41.20075615,16.45279499,30,12.54375349,19 ,0
23.23078,61.67782062,117.4104528,61.22017413,123.4188351,78.70965175,18.55725652,48.46709978,13.38081487,19 ,2
36.11676289,52.54420843,113.9101065,61.73119646,126.9627397,63.89614177,16.08123239,65,12.58452702,10 ,2
40.30999522,53.37602662,101.7454227,67.73521108,116.5412908,51.31707268,28.67468288,30,8.940914041,15 ,0
39.31280119,45.88123034,99.92564948,73.67365507,121.8074214,65.34629086,15.71613953,44.67719389,12.61908531,13 ,1
21.60782477,45.12393776,109.6166889,79.13584626,125.2377913,40,17.2222661,51.40542935,16.38658782,10 ,0
26.90787624,45.67441812,127.5909353,61.96821049,138.7438918,60.03375507,21.02194516,46.23078202,13.34590729,17 ,2
33.31263431,53.94452142,118.1540023,84.92688569,132.6256133,63.27821173,13.98925237,43.86871947,14.88596157,12 ,2
39.75545127,45.79015519,104.440785,67.28876399,131.9358991,69.2427014,18.02159644,32.00783637,11.28896409,18 ,2
25.20825762,52.89774857,121.5754807,69.78632706,138.5089796,49.86104048,21.58726631,47.32786743,14.24970072,10 ,1
28.14341023,70,80,62.52788321,128.6262821,60.85687161,18.33569798,37.43236023,12.83780351,24 ,1
18.93665026,58.71124703,127.2314855,50,133.9046485,50.74575374,19.53306571,30,9.147267811,11 ,0
18.03793376,46.73976468,83.90429332,78.84045396,128.9677825,62.55383756,17.35333944,56.94592221,12.95556301,16 ,1
38.12525822,62.01213922,104.5633859,77.36843897,132.6536235,51.04653678,12.42764845,54.5838582,9.02491001,19 ,0
43.56240029,45.91924627,93.20495158,67.18672443,124.1724134,55.91899161,21.60796606,45.51660977,10.10135918,12 ,0
29.27989878,30,90.57977786,70.66990717,105.6118284,50.04184605,28.77466536,47.29074688,12.56798492,19 ,0
40.03532898,39.91913689,127.4124018,75.15939218,128.6572084,66.51136242,20.09200815,55.74318013,12.89173282,9 ,2
33.61636025,31.29208079,102.984482,54.37454143,144.2274814,68.58451117,21.12632059,47.24339657,8.432302605,22 ,1
23.54880245,46.48486516,115.1975582,64.70947323,139.262154,57.6537943,23.46361378,54.04017555,15.16195731,15 ,1
33.61395606,50.18418379,109.2961913,77.9426468,139.6539748,60.38237995,13.65334752,42.02517799,13.71601883,12 ,1
45.38036566,66.76437312,117.1556124,57.45710577,142.3613072,45.51408585,28.51257329,58.11983739,9.885814693,14 ,0
29.64173961,53.26927374,111.1523284,72.93557932,130.8865759,57.00323352,21.01164398,48.20785726,7.387245611,19 ,0
45.64643656,47.80899471,90.75511664,56.43418195,131.9731571,59.49795383,28.1592845,46.94051944,11.56528626,12 ,1
15,58.29405581,124.9440023,74.66429982,123.823481,80,16.33483502,32.29938911,10.66216886,11 ,2
38.21902504,30,102.5936513,69.64358518,126.8392714,48.88032974,29.09030961,47.86955854,12.33942137,14 ,0
30.87047068,52.35614558,86.65127152,53.84868184,136.1577115,74.64177239,23.87577747,36.68045083,10.91065002,9 ,2
27.0099265,57.70865194,103.5782726,81.64739354,142.0388444,69.96858773,22.76520043,38.61717273,6,24 ,1
30.91760777,35.21413754,132.5113969,62.65408423,128.6055372,62.80636404,21.17012227,36.84624372,10.83495919,12 ,1
15,61.43754043,122.7533261,61.89747563,125.4981074,77.58620484,18.75735691,34.33765068,11.08314267,19 ,2
27.80328112,53.38496407,104.770218,72.00569197,130.0052796,63.72105473,26.00265829,65,13.90098307,16 ,2
33.57112572,45.84712086,104.7611344,81.48637349,136.0120675,63.89159196,20.70179935,58.31339062,9.905400976,10 ,1
44.77894045,56.32781866,105.1754742,59.84178181,115.5614518,59.46879347,10.16465148,64.20367502,17.03602402,15 ,2
24.81729782,70,140,70.6167985,107.0381905,72.23568882,14.41406769,32.7710498,6.265078348,19 ,1
21.91506397,51.81866255,115.7290318,74.288165,124.4946315,70.96469234,19.07077124,45.7125375,15.93350249,14 ,2
24.98242956,52.48220586,116.4506247,76.93105607,117.7928757,53.74322713,21.54999492,32.06492375,11.32704309,21 ,0
39.15402118,45.406391,125.4542518,71.76441555,124.918598,46.80752805,19.71705756,38.04305123,14.57875462,20 ,1
33.2875111,41.50155631,113.5818374,66.32972161,128.5221968,57.97019363,26.09485395,35.81873017,12.23940445,20 ,1
24.70239796,58.30335817,106.1143678,61.72409779,125.4675159,51.99961436,10.24449068,57.39584006,15.41866661,13 ,1
35.13267433,41.43916174,107.0547523,70.86143883,144.5246753,59.36475425,20.71793968,41.03770322,10.83791411,10 ,1
30.97077549,50.71566237,108.9259811,59.27860988,133.2674476,72.37438135,10.91010387,55.68379334,8.704138724,12 ,2
39.68644991,45.22342553,109.4416665,50,133.0047436,55.42698345,23.79856148,51.0412089,16.26151286,16 ,2
22.97946906,54.78979826,120.9144432,74.36559804,136.2220714,59.57176619,19.52770643,65,11.65955806,18 ,1
26.72337853,53.33662105,110.7791883,79.03934841,118.6116688,60.58022735,22.09804986,30.20555777,12.66467542,8 ,1
26.07891847,60.37539944,120.9896012,50,140.3911179,68.48430882,15.6805852,57.5923324,15.70425574,15 ,2
15.36485052,44.89983601,108.7892513,59.90269295,129.2423571,40,26.39732466,56.4644087,8.904134274,16 ,0
32.96120277,47.30125065,111.1795279,76.19154261,136.7048062,53.93299705,25.20862332,35.26621162,13.78647269,14 ,1
32.61055272,40.21236284,80.02698973,90,119.2814277,62.11283692,22.91772152,55.07133336,10.23031573,21 ,0
30.05113457,45.5570674,123.7449151,70.20793708,114.4624123,72.00078956,19.35241377,48.36144963,11.60349193,17 ,2
27.65412867,53.77300493,115.1973271,62.71997059,138.1788966,55.08097552,22.89928643,42.7252374,12.2168369,22 ,1
15.84629258,57.56988617,124.9701516,68.17103559,133.7640953,41.23447294,16.46553716,36.76064513,7.499334416,14 ,0
25.79354677,40.77834676,80,83.74876419,120.9794845,66.19711446,24.2777783,37.80890549,9.663488872,20 ,0
26.57285483,58.6960592,140,63.54035821,121.3033692,53.64637611,28.24740447,65,16.05321868,23 ,2
21.97722731,63.55637859,107.9061556,62.00807993,141.2543478,48.10333341,25.3530528,45.00682819,14.65857357,22 ,1
28.38714288,54.13434903,126.6227423,65.17256478,118.1058811,53.7565461,16.35198765,52.82130002,11.81208127,10 ,1
34.04050857,68.76795813,94.40141109,60.46671392,146.4267295,58.15474642,21.80708659,37.09100618,12.72937038,14 ,1
48.86185901,42.26210801,119.1916086,71.22670316,120.9937927,53.95255335,13.53429228,37.20147054,11.11727248,13 ,1
31.74577813,37.55345297,94.19876655,86.24678458,136.3839193,40,22.86195156,55.81984809,16.06975016,17 ,0
32.57550391,32.21279751,100.6434656,73.23079273,126.7138152,68.97066197,22.25301706,31.50423788,11.39894227,18 ,1
29.25554084,64.96044311,138.7104703,67.47646498,136.0318743,72.74875041,10.6509183,40.84786232,12.69552628,11 ,2
15,56.54365656,107.139764,67.08188731,124.55886,66.51521991,14.19108078,45.34027411,15.43809043,15 ,2
29.73486125,49.44415329,113.2614931,54.36809191,128.3720709,48.6231433,18.58430552,46.11372602,9.667885545,8 ,0
30.6023021,52.79968626,123.051016,78.83109777,130.4091918,57.98508466,18.49570126,43.20906715,16.67636755,22 ,2
50,38.74510953,117.4352283,69.22162803,119.9781254,59.93478685,13.95261532,48.95819781,7.408615771,12 ,0
28.07639035,70,112.2562836,68.19520086,137.4082435,65.9879439,21.94489365,51.92855756,16.88892639,15 ,2
33.01547342,51.29221182,115.474415,90,124.8678643,66.68340489,21.25736804,52.34637545,10.88197325,13 ,2
29.6528823,51.09394795,140,72.98752908,127.7140008,52.65826201,19.02865434,35.14196191,11.27190376,21 ,1
18.31321962,57.25766624,109.135718,62.4820895,120.0565063,60.81995556,16.2210425,42.15844902,6.329969486,8 ,0
41.42822815,54.81009232,113.0164857,65.73642404,104.3766634,64.57280405,25.24353563,56.94762862,10.63561585,15 ,1
37.51933033,52.23884024,125.7598159,81.48445709,128.0897224,74.55822322,28.27703557,53.94647188,8.880580407,14 ,2
37.91031947,42.09525545,126.582889,71.13270411,154.1261542,67.0450654,17.58219258,31.27140549,10.17706096,13 ,2
20.90612545,54.71468357,127.8054546,55.61722022,137.8460429,67.89056687,16.93916541,48.514799,11.5880671,24 ,2
44.02794311,68.82024496,119.5809533,79.19228935,129.8073962,60.83826628,22.45603833,30,14.87337484,11 ,2
15.98148937,63.45420046,92.85492631,63.31855914,127.3710917,74.10459145,18.2098531,45.46934902,12.62281005,19 ,2
35.86857094,65.93186627,134.501473,88.73297776,130.2246589,64.09762796,19.303014,63.97767017,12.92302996,17 ,2
50,44.88784324,92.8048191,80.80048066,135.4711912,51.3891209,23.69826576,35.52107283,8.713441833,21 ,0
20.09463675,40.1039518,114.539532,65.52678104,118.1918718,74.0336997,10.45321956,36.65676955,9.357737731,12 ,1
24.3370227,48.7421308,98.68586225,82.81016362,141.1432169,66.97903273,26.59151162,52.64029782,17.39617506,11 ,2
30.99651365,50.55724912,109.0379248,70.67855511,137.1538132,55.56955979,20.36340262,30,9.794396896,20 ,0
24.96524346,60.94191518,114.9314362,78.52773675,137.1818573,55.20507033,17.94253428,38.6724497,16.96862476,17 ,2
15,33.0753537,114.8203582,74.84732817,134.3847574,62.96575545,19.55382923,50.96441138,11.2708164,8 ,1
30.68562975,65.29550319,116.3288113,61.53643345,130.1961666,64.63184795,19.81214678,38.65714152,12.00686381,12 ,2
19.37696286,48.41992101,134.205669,63.56450168,136.7286124,61.97292266,11.34399348,42.64030013,15.21109548,17 ,2
34.73592431,45.7311893,116.8030145,80.29960818,135.9181413,63.11308673,27.47469114,52.4418571,15.81567727,19 ,2
20.80575766,39.87895625,106.3376505,66.65224668,126.4595929,76.99957375,20.20662816,49.21546084,11.66756232,12 ,2
45.49934405,33.45143328,124.4613075,65.96351537,124.2639823,70.71543152,22.21501065,47.66818396,10.83527084,8 ,2
22.16746708,58.23170584,127.8420573,60.44877421,131.018563,61.90635591,24.75774885,41.60877721,11.83223865,18 ,1
26.77938484,50.73317967,91.58588277,74.23599066,145.4902015,69.41310581,14.89418771,48.70061115,13.01387258,9 ,2
38.13517217,37.100391,118.961001,90,117.6089292,49.67476096,22.3673595,43.7626732,14.67391106,8 ,1
17.69135684,37.04921228,120.5175911,59.32467086,115.3247473,63.9792705,18.66179455,49.5780561,12.01268958,8 ,1
32.27459935,46.64215301,105.5365474,70.24219457,131.6476084,78.0930635,24.23385388,40.03067975,13.85665889,19 ,2
43.07142754,66.69021525,130.6356022,84.12220555,130.508877,57.81954105,10,43.17431026,16.9150792,16 ,2
15,47.40408649,107.7491662,69.20358609,131.7334166,51.52366071,19.5045285,35.10042207,13.14392884,14 ,0
31.84633859,34.96857047,111.8836468,74.52371796,132.439532,53.47911111,16.98589672,44.6499239,12.93495857,22 ,1
32.59882794,47.54256936,107.4039226,59.37606472,127.7679775,49.10366963,22.16131475,36.88999136,7.443267525,18 ,0
37.81822872,47.2727643,110.2336857,74.28307097,144.8986344,52.15238092,22.35022094,33.8595355,6,23 ,0
17.63049289,30,93.5558737,68.12855735,113.9909602,56.29491901,16.46187053,47.58661148,13.16512719,8 ,0
16.79543387,49.45705133,88.39923676,79.85729996,121.7150298,45.94432981,16.43913068,47.12739776,11.71552731,15 ,0
35.21941566,47.6906547,133.9175759,81.87386052,128.9674524,60.15618334,19.44667316,52.82873735,10.45565198,8 ,1
32.96984673,56.96206365,97.29557978,90,113.5681119,69.02277174,15.51678886,40.6887443,12.73059061,14 ,2
32.5049285,68.48956095,95.12911476,75.79633173,128.241456,50.9224382,24.20991848,49.08052847,11.81878881,14 ,0
33.46448209,61.2656503,80,73.25796317,146.6147017,75.19283924,18.153964,50.50797572,15.38334075,18 ,2
23.19975278,47.31111309,100.4155738,71.94384302,130.2088649,65.10792089,10,49.44773808,12.2583326,15 ,1
32.32253697,38.93474091,90.1536531,66.46833707,132.3070091,70.30580586,18.12588972,36.74346317,9.759230145,18 ,1
32.93072473,70,134.6302274,73.38483843,117.3983523,53.42165446,14.8072809,46.49363482,14.97049872,19 ,2
22.85648582,50.59218434,125.1472563,67.0459859,123.8363859,68.54525227,11.84362092,48.64140296,11.34860678,25 ,2
48.65774511,50.13929292,99.67774482,71.68460976,126.2480362,49.080661,13.81286681,45.07178467,13.57961005,13 ,0
34.73832921,49.75874913,140,83.17597536,126.822849,68.90247501,20.54704236,30,10.56776788,10 ,2
18.08696503,51.98084761,124.7264823,59.93457435,142.816438,61.7183934,26.64320414,46.60489624,10.05051934,16 ,1
36.56553609,48.55639588,105.1275292,81.39878561,135.5769106,65.5325122,21.56592237,65,12.25250469,11 ,2
20.2531833,44.26337993,80,83.17115067,118.8854204,48.24405394,16.96748306,41.39960731,12.03848593,22 ,0
37.87084604,44.53141059,140,68.81931473,132.4650478,51.04930158,22.27952098,37.71922902,13.43948111,14 ,1
41.58595579,49.6724673,89.156413,50,134.9822175,65.97228218,17.70454845,48.7334856,11.19406274,12 ,1
21.79317682,44.56575229,85.3190188,63.92178013,141.4014904,50.51651996,16.52699815,48.1237821,6.490920649,13 ,0
39.63376129,42.87154217,125.3385565,82.96994547,145.8054069,64.63206292,14.22818666,56.92735165,10.70167835,19 ,2
34.12780927,51.06430228,140,69.77131938,119.8490581,46.32862194,11.24085597,32.42131844,14.3814554,14 ,1
38.2206016,47.45022783,130.7640923,60.00697768,121.8914249,68.48174213,18.05038147,52.31380253,11.10787176,12 ,2
48.96792983,65.03992989,118.4586368,64.95225079,117.4242214,47.67476685,20.79026745,50.90422061,11.26084979,23 ,0
27.54611884,30,118.9213151,78.40620027,127.6598014,65.52299938,19.51688165,43.57853463,14.95912952,11 ,2
22.46263836,60.91506852,122.8012334,75.46733568,134.6635837,66.25630934,17.92016536,48.38687318,9.864080318,15 ,1
21.1048557,62.46085192,121.3839288,67.61067901,139.8733452,53.03228182,15.2712697,55.29457482,7.371590345,18 ,0
21.84189715,30,114.2178714,66.33175588,129.2404898,65.82026567,23.04123096,53.7231538,11.51810664,8 ,1
29.22898291,46.57312406,111.5630166,66.08241851,126.8015248,62.60442263,13.4143404,33.56980688,10.54747815,17 ,1
33.41151975,46.28559134,109.0611031,60.77589816,131.5175799,54.61158144,23.88013957,53.20158187,9.101261041,10 ,0
32.76690799,35.92488305,98.69053117,86.15375689,121.648571,49.91445316,14.98891491,44.35311395,11.47386463,19 ,0
38.27183249,42.22183312,105.7898738,66.77679531,150.8953872,40.37374308,16.23782381,45.72874098,13.47451694,10 ,0
30.13001892,38.89424155,84.60564779,82.17158521,113.9233897,63.49650047,12.66607405,45.73196991,11.97213432,18 ,0
44.53534077,67.52270443,108.5249056,85.21316052,131.8474058,44.35197229,17.49298927,43.49757011,12.92094322,21 ,0
27.35343167,59.35678393,95.17113339,79.98310898,150.2360622,60.95344199,24.87656229,56.91707497,17.4402231,19 ,2
50,62.71555095,93.44616024,65.68379687,130.0679984,57.36551784,22.57814044,44.1628204,10.97136342,16 ,1
36.25667348,57.21672064,112.6984123,74.0373009,128.0996096,66.79142775,24.89211056,33.80453872,12.8350459,14 ,2
21.42842444,38.70948229,130.8800343,69.75804394,126.4255458,56.97954501,22.61071273,41.06470144,10.47235991,12 ,0
19.29107502,44.75479734,123.7747491,60.96298139,128.1960832,56.70552214,14.48165086,46.78694717,9.46092084,22 ,0
34.82472415,54.89374561,86.44249095,73.24359282,143.7284847,67.31870704,18.34605388,57.29214784,10.24527704,12 ,1
27.76537215,37.77872191,95.15557795,58.20960209,107.8813809,63.35058029,16.09900435,51.03094685,10.56372429,10 ,0
37.14000494,57.1299843,124.1115678,81.87679388,145.334337,63.16155957,26.65287452,36.49464721,13.07842739,18 ,2
34.73237625,47.59674602,95.2626891,65.35382703,115.7604285,64.6926759,14.01605677,65,19.04722736,11 ,2
29.27171087,46.25179192,106.6305028,72.01159656,127.3334767,44.64427877,24.46848845,47.64775311,9.851869691,10 ,0
21.53206282,57.10959968,118.2507815,72.83287872,125.7075558,67.5678868,24.46476935,57.75390738,10.75012408,8 ,1
15,54.44263311,95.47483318,67.41095026,135.8855327,66.12468794,29.14810101,43.48285566,11.81063096,13 ,1
25.53485048,46.39033834,111.5806326,75.86693801,114.0187565,49.83316871,17.95156704,50.33359245,13.18739655,15 ,0
38.56398794,61.59329803,89.98961758,65.25096343,134.6217267,57.55919526,23.5616108,53.39468505,12.79065244,16 ,1
32.14093744,39.18936672,100.9794853,78.71297297,150.2430962,59.60692712,31.40825918,57.18194712,15.85228738,20 ,2
17.54261221,56.15935607,114.796729,56.5402032,116.36826,58.65503216,16.91179162,55.57368305,6,18 ,0
31.73180926,55.93101258,86.105094,71.2637958,131.8970617,63.33859967,12.32479876,53.72197,6,14 ,0
33.8531738,46.90453561,116.6071211,89.38928999,123.3801782,74.31366782,10.59994983,41.84913269,10.51236548,14 ,2
21.16142564,53.26133022,109.705433,59.99668675,134.2588721,70.81766728,23.56356014,39.28253958,15.29190056,18 ,2
31.53725106,37.48886424,118.2873493,63.22255029,130.1914778,46.87780807,10.58424896,48.3260751,7.303055905,21 ,0
30.58208718,59.24027019,113.358712,75.1390785,123.5851309,66.2206999,18.13840474,54.33128072,6,16 ,1
18.57029702,48.15097864,130.4621064,71.79581782,134.8787228,73.2893332,22.18656594,42.77279299,13.71353822,13 ,2
33.5778736,44.77276979,111.8783675,73.50630099,148.0434811,63.86808521,20.92587768,55.65171966,12.73097167,10 ,2
35.60784526,60.49009226,103.5589169,74.8918713,128.0909621,70.90980425,22.12722432,59.52616745,8.72937478,8 ,1
40.83051243,42.95656309,111.8344625,76.34721469,137.1975794,80,21.11144928,35.83679081,9.043381198,18 ,2
40.53802052,35.91538704,118.1494704,81.09699842,117.0672704,70.23709546,26.39432907,36.63079296,9.090768841,18 ,1
16.22330632,34.43370826,110.7329011,74.09818657,120.4356362,62.49308596,15.2384181,43.59624941,12.33160595,18 ,1
20.6217496,56.06009951,110.6088754,67.58742345,134.7240628,70.45088474,16.61502431,48.07612668,10.12105417,14 ,1
35.15035267,37.19570648,99.47012468,76.72573701,144.8411603,61.44887833,16.13670277,39.75432986,13.48219176,22 ,1
35.13785951,67.54794182,100.0564862,88.99881935,133.5561335,60.23903043,24.15095906,58.52202679,6,13 ,0
35.15047686,30,88.96092092,68.67366254,126.8694197,56.48585764,24.50199294,49.24066862,9.429444405,20 ,0
50,66.96456368,136.2436511,60.25470695,129.9929141,75.63413359,22.2561266,45.39447048,8.621838117,15 ,2
35.70890511,52.11017467,91.34205147,81.07080669,117.4959227,51.81571334,25.91746833,30.64090476,11.23097796,12 ,0
41.3556564,49.03286888,99.60642203,68.79618836,136.0451533,75.32367725,14.10979566,31.84184184,10.38585672,18 ,2
39.54001763,44.55080913,99.22389102,50,138.8233306,64.99864124,28.33612056,47.8100925,14.39353134,17 ,2
36.51391251,53.99136114,123.4238657,78.47421677,125.4790967,46.00693825,27.61619311,30,6.421989685,17 ,0
26.84730755,49.62365298,105.5757548,64.64671814,125.2995785,63.67649293,23.67810999,55.1263741,12.13647443,15 ,1
37.5896922,61.03301882,128.7161311,69.09466718,132.6587823,40,28.90899454,43.41846156,13.67500927,15 ,0
22.27174785,51.14227649,99.89764064,73.31980331,125.6328026,66.25508017,11.71688396,65,17.56994231,25 ,2
27.63181393,51.50301761,114.1849124,71.9049968,129.3386739,68.85231483,17.37775932,65,10.55470209,21 ,2
25.14636452,46.36387788,97.4697942,77.09451817,150.9972179,54.07644044,16.3234827,43.18550931,12.97337581,19 ,0
30.81874139,49.43054376,140,65.64513629,127.529743,61.23547696,23.60739662,43.93662997,6.588411622,16 ,1
50,53.07801769,92.18602371,75.13105798,126.4165985,79.54157434,14.7492963,54.95581514,6,20 ,2
15,32.89831607,114.6473107,67.40453322,123.5245819,54.94253296,23.78747575,62.0317261,14.53432313,18 ,1
36.8626019,36.51814578,119.5066532,77.38810481,137.4419197,49.41092413,26.85268072,30,11.98331912,15 ,0
15,57.43264094,116.2069865,76.15367484,128.1877583,74.81663402,23.4760145,30,15.53553807,13 ,2
25.28068134,51.70865438,107.2206851,60.64561298,123.5062696,79.62587191,21.41875512,38.77965194,7.879791333,15 ,2
40.88950597,48.16016664,108.0526895,80.85982116,143.2130403,60.03695672,15.0606333,50.82737583,13.55970642,8 ,2
30.64280019,50.18433933,110.6571721,64.64036555,144.19603,70.11463035,15.76574517,49.96873591,17.60645352,16 ,2
19.22255222,53.47581705,107.79497,78.08057798,123.9957643,73.41475916,26.24809453,55.69771455,13.25911683,13 ,2
22.84696291,44.6024032,124.4581868,73.67287313,111.3346005,52.57515767,23.89674502,33.00302472,12.82974452,23 ,0
36.79597749,42.21695275,140,88.38183677,140.0751369,55.14694165,19.8049024,30,12.02566824,15 ,1
22.69633368,51.95845255,101.6376232,67.76534018,123.1537017,72.30874513,17.91045227,53.58014195,7.287355629,9 ,1
32.1645859,40.21627222,89.45295531,66.50683204,137.906256,76.85014279,10,36.71803727,16.06671881,15 ,2
30.4557184,54.08252756,108.6757693,69.80580394,110.2989618,65.6288086,14.64573791,30,10.16742708,10 ,1
23.48399652,32.97416396,140,66.96820217,138.9259734,51.20185646,29.55709544,46.45063746,13.51344977,17 ,1
50,60.29155637,97.94488148,77.99941902,117.8882807,79.87061112,13.59772214,52.93175688,7.31089708,16 ,2
36.33919022,54.72597482,134.5867521,53.83689392,137.3076412,54.69029102,20.94739911,43.77942868,8.461621006,20 ,1
15,52.56029734,135.1655122,59.46317581,130.1427307,56.64862219,25.03721987,40.42151614,16.3052622,11 ,2
31.86454315,59.82690984,101.6961764,59.32197078,120.4606058,63.42337834,13.72538666,43.40637768,10.95809313,15 ,1
23.38213535,66.65474444,118.5347462,79.50307592,125.9296369,75.54160421,20.92355237,41.29417238,16.35982643,8 ,2
38.52433335,60.14370065,134.4259493,87.10613373,136.8631846,68.53975977,24.68957769,31.51952888,11.76530802,19 ,2
22.07479262,31.59125769,104.3130839,68.95550781,131.0589445,64.148655,20.06249661,37.85319323,6.474306681,18 ,0
28.85263559,37.20423033,106.9462946,68.31178277,135.8441298,64.6328853,34.34201528,50.21279905,14.6762028,17 ,2
35.04987279,43.75181422,101.2747863,70.70052163,149.7644058,60.43514669,11.65700371,48.21678541,10.23032305,15 ,1
38.65755194,50.2609105,94.77864904,81.61878303,114.3575839,65.58139515,25.29364265,46.68059806,14.09606644,17 ,2
17.99703593,55.1765902,100.2608368,60.72646866,146.1721257,40,19.13599131,35.04851518,12.0756326,23 ,0
26.65498764,42.74256187,91.640896,72.38368983,131.0435594,57.03392541,23.85960077,43.18496838,7.370645316,14 ,0
25.25054689,51.86766764,110.511252,79.7519763,121.0121595,62.41321935,22.20653576,30,12.4928843,16 ,1
23.46670767,42.44617068,98.45040153,75.0109417,116.6968637,48.48985916,16.33421901,46.78476664,18.58866943,10 ,1
47.6545424,43.88482197,113.5067887,71.89581617,128.1087961,63.86323318,21.14498196,59.28857708,13.47895938,11 ,2
34.04981711,35.93338903,86.66156531,80.01046093,139.2165011,57.95528779,10.71049274,30.25867868,11.82744674,15 ,0
17.39116046,40.76766754,114.9632035,50,128.7245088,77.55475698,23.0162375,39.14072327,15.22603021,21 ,2
39.17861947,36.48315394,122.5029344,76.7787532,145.1115493,75.73019725,21.49079233,48.29106779,12.6320054,14 ,2
50,40.24126747,80.09396536,63.45924317,115.4882431,55.34194431,23.19330084,57.52842634,12.62860269,14 ,0
40.32465261,60.53641797,115.6108485,51.69367103,129.8791105,58.49162288,25.29059163,40.51775384,8.725124484,13 ,1
15,40.50601111,128.4150349,75.112026,117.4760656,59.26052434,21.8380992,38.07749671,12.70154408,12 ,1
25.15765927,70,91.85538472,83.73658545,133.6363188,55.48340524,20.7404471,30,15.10633025,16 ,1
42.66911149,54.93317901,135.0885858,68.62551485,138.8688739,61.95024984,15.59465832,46.03438129,9.491813544,8 ,2
22.92330534,51.84836124,116.2852851,79.52874547,125.7923821,52.41717931,16.43889618,65,16.27348746,21 ,1
34.43819428,41.4164222,99.42482216,86.12278258,103.9578614,48.69384665,25.9336731,47.77358462,11.72488193,12 ,0
37.74634053,57.00309879,109.1634638,83.14914454,131.9894815,66.22711224,27.18167703,44.77721021,9.336691465,19 ,1
20.73069528,44.24362174,118.3749037,86.39964529,134.3673855,66.29529584,18.80944782,48.22082311,14.99289623,9 ,2
29.40474644,51.22009815,111.1400809,77.42127491,134.0429475,51.9568424,20.23001374,44.88907996,11.13961729,18 ,0
15,70,118.0813399,70.75433639,142.3578219,68.95355431,15.47692813,36.86985628,14.27854466,18 ,2
19.75612359,49.039401,96.1898961,53.98034188,119.2894632,53.68422271,25.86378423,53.23279916,11.1247241,17 ,0
27.47431849,61.49273326,112.5404124,67.53937512,136.8021611,62.53165238,23.32708412,47.25761523,11.82052157,10 ,1
17.52216818,42.96823575,88.79428255,61.56753405,141.9250751,68.20344013,29.70608718,45.17613252,13.48068061,16 ,1
46.32411304,49.6501151,108.3316091,90,112.2141242,59.66387435,15.60838461,35.24633973,12.87269117,9 ,1
15.69858622,67.70800636,96.44138538,68.24114188,133.1965183,64.54740912,18.1099605,58.03507932,6.013404659,14 ,0
25.59955513,43.73032942,98.96705086,71.23204807,124.9582017,54.83570356,21.15722961,51.64702745,8.63626878,20 ,0
31.30740577,68.12448558,128.5413976,75.51485376,129.1847733,58.03533417,23.23244769,39.47079163,14.78822995,19 ,2
44.41273289,57.07751935,126.3696518,70.43602446,133.4767648,57.94140569,18.92166181,55.01824854,11.60359023,15 ,2
15.64137849,44.37533224,119.1370718,86.9505104,125.1277144,52.53421653,15.63519455,40.02429162,10.42880609,10 ,0
41.63163752,56.32407739,93.61530853,63.77350638,123.2429192,58.23225837,24.40703764,37.17996507,7.924277954,18 ,0
30.10233061,59.7255445,105.2538733,71.94607455,130.3415242,44.51381701,23.60567681,37.40296883,8.760791036,15 ,0
20.18491349,56.21809962,128.1964655,62.57529414,119.1275406,55.08846253,15.4186295,30,6,8 ,0
34.62103474,34.2977528,112.1257537,56.79977489,119.1417487,57.15124507,26.77721401,49.7154238,11.69615784,19 ,1
31.99059696,42.72862824,140,63.88230909,136.7937328,57.43820248,25.85099355,30,10.20468726,15 ,1
23.99783123,47.52481364,115.8997676,69.62963203,118.5120596,57.58502554,20.67148249,32.71556169,9.100236327,21 ,0
30.69802085,49.25566571,112.8807367,65.70697775,136.663125,59.382358,20.39798931,30,11.79562972,10 ,1
26.14686403,56.20672098,105.363253,63.0757902,134.6259129,64.79441518,22.77028886,44.13930307,13.09191189,8 ,1
31.13517345,51.77701001,112.0031136,55.93682536,112.7419327,68.74517074,15.69148465,43.4967954,18.2795938,16 ,2
36.62130675,36.64655641,107.7129525,69.16894427,123.2243535,53.50234773,20.1501574,41.73303787,7.464349741,16 ,0
45.86016816,53.80197851,120.6216302,54.95279626,141.941094,47.96799145,10,34.57422305,15.47814313,8 ,1
17.62184501,56.10585745,124.3505348,77.60055964,120.1883447,49.57955588,24.38227823,33.27766247,14.91930468,10 ,0
50,55.59790448,98.21015809,70.82439753,125.3559574,55.12797079,12.19253389,49.64369864,9.662721782,25 ,0
15,60.80780726,90.0315057,55.42448501,134.6206089,56.48078682,27.51709914,39.49448068,12.60970786,13 ,0
28.48214905,58.33922155,82.4569194,66.90790923,137.8339051,52.30003934,18.34939953,48.16358322,10.62710025,19 ,0
35.88317206,54.59180079,117.6198699,62.47843594,127.4846111,47.03883336,18.94166509,36.14751314,12.55706574,12 ,0
32.80991868,49.29834289,93.44950091,73.1917451,124.0248981,55.43879173,16.86133047,46.81062743,16.52739304,8 ,1
23.7730048,33.39039066,80,83.40450446,144.2236986,61.8142662,18.55980563,58.03278037,13.8168187,14 ,1
27.9187775,54.29618219,115.8286791,51.2482753,147.3889966,65.95029466,27.09265673,50.861658,13.52582512,14 ,2
25.06999065,52.07687687,140,71.15026079,139.7885805,54.42576947,10,40.87586182,10.70907204,13 ,1
24.10635243,52.71578837,109.9089363,68.39867204,130.8531814,55.87002178,26.38482693,47.5719897,7.547830005,14 ,0
38.49602097,37.23251424,122.5773616,76.71340076,121.9173428,50.73301691,21.69011741,42.59334825,11.37459537,16 ,0
33.57015486,39.1894346,111.2274404,72.13196628,121.6955559,59.6856083,13.96489176,45.07880185,15.61982446,14 ,2
23.07090405,60.53152853,108.5166552,62.48030668,135.2251411,51.51571366,14.62343803,41.74388948,7.41849643,9 ,0
38.99599875,49.60444846,123.7861472,66.80946064,134.1839822,65.73127813,28.38196514,43.35664794,8.834731895,17 ,1
33.07299521,56.81500697,105.6458818,62.03974143,144.0159859,42.14133508,15.2724656,47.12093353,12.37880321,8 ,0
38.12862119,50.28318376,114.0108847,80.76007139,136.5045009,56.40370328,14.23324745,35.066413,9.046035645,8 ,0
36.29628842,50.29756139,114.8254671,70.21311649,114.969197,63.01107339,25.68657271,34.84121173,9.622429659,19 ,1
21.71004989,59.38283806,99.9786432,89.01190686,140.5194762,61.83834516,21.69276438,31.11457446,10.72920425,18 ,1
24.3981896,44.83955272,124.8806352,69.39339186,120.0193937,80,15.31037212,30,7.903147787,15 ,2
37.47293605,50.96120777,107.3756036,62.91593233,126.1602873,63.49800025,21.08312488,32.82717308,9.077634461,8 ,1
36.10370265,45.37724711,98.66382261,54.86285607,132.5020021,49.95945403,14.87123658,46.59462507,14.11028375,11 ,0
29.79098406,45.65503773,118.0476477,51.96860324,149.9566749,59.04535753,25.50410699,36.07212485,8.077890653,14 ,0
31.17327383,46.90827877,96.52298027,54.15864057,160,42.23753667,25.30685482,50.13614464,7.206383597,8 ,0
42.77664896,52.22133772,110.4227174,72.67126651,136.0672306,59.19400251,22.66003099,45.34713749,10.10992506,11 ,1
24.08428611,45.21251378,109.8632151,75.08725023,128.1680338,51.66943943,21.80830531,30,14.19586651,18 ,0
35.47097381,62.55756126,126.2884335,54.18809298,135.3450565,69.15390276,28.80594062,51.54975584,11.40923458,22 ,2
27.97807348,41.05392698,117.1204735,78.95038314,138.8765543,54.50459725,19.99843164,53.10798646,10.60625677,13 ,0
27.82318797,48.13128356,109.6245956,65.16938948,126.7933237,58.83234084,14.09062937,35.06137325,12.13307639,19 ,1
40.98776852,45.60268942,122.2664945,71.46793012,147.9521136,53.64442159,22.24736956,49.20191543,6.762877701,8 ,0
38.25416349,64.46977884,130.8531132,86.12220628,132.3007076,77.38851352,30.43023525,36.43501763,13.48411696,18 ,2
38.13509636,51.96554777,118.3671546,78.96839316,134.9774309,56.78757234,14.92620253,45.97670377,13.15030509,11 ,1
43.05478807,60.31844539,110.1552893,67.31469352,136.6592425,78.32557043,18.19268617,32.35501593,10.77207458,17 ,2
30.21003842,35.14439627,90.32245651,61.08807775,134.2158661,68.14151762,22.08223019,30,15.01777354,14 ,2
36.81952971,52.67050266,94.02329505,50,138.389405,64.82066727,19.73047575,41.1718281,8.617511703,22 ,1
26.89733243,58.89630796,105.4216294,62.80846681,123.8274681,63.68733147,15.0884821,43.76271054,15.38372698,11 ,2
33.24166352,50.82283989,100.857317,67.88869761,124.4169825,63.93797298,25.60928928,41.02320306,12.463481,18 ,1
28.69856946,60.65480375,107.1954305,60.12820473,118.9984577,40.72327421,31.60020361,33.15969442,10.99034223,14 ,0
30.96995965,44.8271155,110.8497489,68.68743033,134.3950123,57.21116606,20.9806573,41.00100938,11.94037909,14 ,1
35.95157025,64.0934744,117.9453913,70.76851883,137.789365,68.45157971,15.47965855,47.69294753,11.6782057,14 ,2
21.81779317,70,108.9425183,67.75144018,134.5777287,59.51102817,12.25519737,44.5510697,15.66084869,11 ,2
50,46.3716144,117.2975247,63.49997419,146.7449243,45.94810153,21.28987991,46.82501031,8.769962618,15 ,0
19.93982619,45.54497479,110.9671162,71.68654672,129.9440398,59.47595549,25.51938672,38.298848,9.712442283,15 ,0
17.85811387,64.53384477,80.3680015,74.4194065,136.6874166,77.04105516,22.37583873,56.71717915,15.10890868,16 ,2
41.58110874,65.79572146,95.90996909,59.09600923,119.0829912,72.46891716,19.9879808,33.23826663,10.21339519,15 ,2
37.91662694,44.77139973,107.8386867,84.1093238,126.129003,59.37995991,17.05364174,49.87560297,14.70159923,19 ,2
36.24119817,45.79813183,91.85457886,69.01411868,136.9553776,69.51449277,14.53918184,56.81891093,17.09830795,20 ,2
36.28345509,47.18215391,118.9989309,70.18849623,138.4910211,56.3349298,24.17375663,49.80908093,10.79461492,10 ,1
29.87753227,36.55549489,132.9612625,77.08214423,127.0603305,42.96128413,24.56885811,42.97475773,14.04408698,19 ,0
21.02745629,40.81348054,128.2814278,72.33216131,129.2840075,50.75534012,12.27135107,39.71702953,8.538923156,9 ,0
30.75804558,39.95859233,106.7983569,79.53136634,114.8212625,75.62888769,27.94919489,55.36087651,14.26419989,18 ,2
23.22838288,42.32202435,132.3608921,72.87124165,126.429708,57.26006918,22.8703561,30.77025075,12.59827196,18 ,1
39.75119733,49.65315113,112.2300119,63.87562625,138.9038316,57.56616021,26.99797323,35.2987574,13.41911485,8 ,1
28.52942618,52.34214733,104.9437104,73.61503525,135.7520502,57.00161804,13.28936126,41.02442235,10.06328378,15 ,0
21.74502803,65.50500493,100.79896,58.56273793,135.0066572,79.0413659,13.17087922,57.37653758,7.016749753,13 ,2
26.78614158,40.01645959,105.4629547,71.08559706,130.4977369,76.25958915,19.25515345,48.79767636,13.50975619,11 ,2
34.12931454,59.84322398,104.1773477,69.66770009,130.0706316,80,22.51392213,35.31954241,6,22 ,2
24.36275447,47.86011156,112.5562433,67.91883143,123.3967886,58.4095479,28.98180411,41.89692295,11.04794852,12 ,0
21.77779604,49.5053629,112.4086097,68.71462489,136.9882842,62.95624489,23.53039457,38.85676856,14.8235456,11 ,2
32.43687211,56.74819492,110.0456903,51.18150955,134.2097294,44.83357451,18.78659362,37.90211008,12.57569321,15 ,0
32.44966571,38.77277978,116.5540725,64.51275092,134.9201885,74.76934426,14.86815396,54.78889559,17.84502793,18 ,2
24.93056825,53.82409746,127.8596941,70.92844901,124.7396516,48.32220449,26.15000286,31.28256871,15.07532746,14 ,1
25.28961694,51.66452208,124.243312,71.59856392,108.4665708,62.16775564,15.17647287,61.08780856,10.03830484,21 ,1
32.32049937,54.92451264,87.72653047,59.72324859,140.9715271,49.02697472,28.14234277,53.2822969,12.08194014,18 ,0
15.51915659,52.89168644,80,82.65707841,125.2116254,54.11133173,18.57807675,55.90861671,11.85788789,8 ,0
15.92536226,70,124.0147987,61.33825152,121.3722424,51.62737569,27.95291036,40.37060488,7.25346971,12 ,0
22.81555779,43.62260016,89.49681952,79.69457201,136.9347891,53.92124739,23.39465645,43.50059281,9.178803251,12 ,0
27.86552848,44.69003045,106.628519,74.27194362,126.0798736,54.60877297,19.31502255,30.66848185,10.31771728,17 ,0
33.10907566,43.76859474,92.44830461,63.5377269,140.5993638,54.51731205,17.40301814,39.75337593,6,8 ,0
44.75356217,44.44522881,82.97029344,87.75310893,136.1700595,68.33333912,18.29546061,49.93654848,12.1424804,25 ,2
38.57659623,43.62612873,118.1219409,58.06363168,136.8356932,48.95137207,22.14158346,57.96063062,11.25278447,18 ,0
28.4006147,61.89016531,121.3873274,79.19154174,116.3404429,62.20541427,20.38578248,33.92843183,6.981318296,16 ,0
29.80983792,64.20504248,101.352344,80.00582318,142.1194399,72.17959152,17.03094296,41.34494063,13.2126386,21 ,2
19.97470635,44.29253706,80,63.29379791,132.6125053,54.86803635,19.17184295,43.4870078,14.14761823,25 ,0
29.81486864,41.67644427,101.8063333,83.924653,126.3072286,52.82081109,20.39288515,31.04210798,12.68110344,19 ,0
27.11341361,54.71415556,115.8770601,67.49953485,131.4338847,57.69475375,10,50.91349242,11.02779547,20 ,1
33.2271856,44.47776956,87.81632647,72.88693629,112.2376477,71.79725208,22.29084057,37.76009668,13.77432646,16 ,2
21.72769056,56.32931818,112.7503988,72.60321839,134.0865281,61.94107631,15.10139388,43.04609649,14.04066108,14 ,1
35.19346514,52.02923021,109.7703523,68.65691259,119.7062849,54.68785705,14.23333798,40.48050628,12.92221071,13 ,1
45.32738913,34.84255885,118.6893725,78.10808273,116.4732971,64.83876651,11.56327826,37.10661494,9.526163249,11 ,1
28.91239852,65.47505201,111.7937055,77.93488721,114.7764081,48.9770785,11.03053751,44.92955015,12.8298023,12 ,0
34.01711722,67.95877673,95.40396589,52.51468027,141.1268837,66.8135951,13.22276248,42.84390421,15.58644195,8 ,2
36.90143992,43.8721131,127.9485725,83.04340243,123.7073661,64.08607308,16.45489521,41.28142118,10.21011282,15 ,1
25.98779528,46.1229844,107.6220564,53.37508012,145.3372771,56.92191529,29.76629569,37.71538378,18.29381802,8 ,2
32.24092482,52.85865391,109.5904319,80.32546204,124.6419854,51.61414202,17.37060162,48.19524671,10.4231072,16 ,0
30.12592401,53.3445679,96.00098061,81.26705137,112.9264204,51.13319078,20.88875053,61.53617268,12.09722104,15 ,0
30.97676099,56.58544273,103.3507662,59.0903357,118.8347556,65.34817336,22.00240693,46.39887233,9.982543212,16 ,1
22.26990216,70,96.72795929,65.89185712,142.3581162,72.28980502,20.65532593,54.96118215,12.66981251,12 ,2
30.24510174,48.23052773,107.4058091,58.94295332,128.4410182,53.62692253,19.6127827,31.09778075,6.773334922,25 ,0
34.97998291,42.01702755,135.6756272,67.8507897,124.517127,64.58386704,14.02353118,46.57761439,10.3618746,22 ,2
44.51143608,36.20680772,89.42148286,66.91965716,131.6001823,40,27.25463774,34.02631681,8.723636399,9 ,0
39.59270826,42.6906996,85.79657903,77.79660532,135.0178274,54.15382269,29.03598322,30.23075072,12.40601504,16 ,0
50,49.66873027,132.0675549,83.10308746,141.1739882,59.68941067,11.58670653,37.60628593,14.98334213,12 ,2
22.32652437,67.94557864,106.8601448,83.95683811,144.4849923,50.90316583,14.87985705,56.91899334,13.93801856,10 ,1
38.72320637,44.82388701,99.96390892,64.37831973,126.4023135,50.63493625,18.60094829,54.50015829,6,8 ,0
31.83342006,52.23787952,125.5985703,67.90778126,116.7395231,53.32220444,15.17731103,47.43004722,18.12620896,17 ,2
50,49.83577104,100.9157669,53.16561808,125.8653484,62.92192728,22.52982777,30,12.88583982,12 ,1
21.91701715,61.88393273,137.3901457,61.94129934,132.6028051,58.12670982,16.35863899,43.03719349,9.670502579,20 ,1
21.60278158,70,120.1688881,79.64851633,120.3624107,40,30.82528034,48.01700009,12.47138376,20 ,0
24.00607355,44.69131227,102.6813289,86.15582824,120.4284909,40,25.95274297,46.7553623,12.52856947,22 ,0
15,45.10560557,140,57.65651128,133.4378788,53.93134822,21.06287015,30,9.999453849,11 ,0
24.74244978,60.44160877,100.9142762,64.07535741,129.5134765,64.57686586,25.13493132,36.09682152,12.59375,17 ,1
22.40867338,56.8189149,121.1314306,69.73594243,130.32797,40,25.52950212,44.35922236,10.17758314,18 ,0
31.50393786,68.46707326,114.4893887,72.80161159,122.4150467,55.00269824,17.18026256,50.3629091,10.78691402,13 ,0
33.41755976,55.83928185,129.5261193,61.9039648,127.6959929,54.73752143,15.91891378,30,9.941162593,11 ,0
48.76170839,46.40707909,133.422668,74.24061044,120.7576686,73.88337778,20.39071531,43.37876025,7.701986131,23 ,2
39.50423838,55.90654831,110.4800622,65.26160653,138.9019841,56.14978188,24.30818062,46.4304877,12.43750941,16 ,1
24.23096344,61.08703581,98.69873194,69.85547729,140.3524933,63.82988985,20.69530199,53.49611989,13.75589831,18 ,2
21.01585329,58.20482181,116.8995821,75.46284248,111.5381214,61.4125714,12.11501759,51.92857584,13.54465079,11 ,1
34.91919172,55.07274031,99.83426945,70.0642227,120.7048914,40,15.98587778,50.82571319,14.45977576,9 ,0
16.79766793,60.6667469,140,65.63614109,115.0347074,67.68207217,19.63013568,37.00059493,12.97302063,12 ,2
48.31458766,61.6929559,112.04803,68.90390196,123.4997607,62.15396505,19.62167198,30,10.40182351,14 ,1
41.79440121,63.82158991,104.5201767,69.11637041,129.1656203,65.0826864,29.86271088,41.06947243,14.51899159,10 ,2
25.30824348,56.48709888,112.7702046,66.2998897,115.5035478,80,13.07006029,55.01631825,7.92744738,15 ,2
15,48.3288192,89.79310566,67.41203937,120.7814019,40,22.52794621,58.93454528,9.297985852,8 ,0
43.53872374,51.46713686,95.42578942,85.98647171,119.9604263,77.2469665,27.44556554,52.10549102,9.107399786,9 ,2
28.85460155,62.06508967,128.0062086,75.60919448,132.0726733,57.12552481,31.35724873,49.29340823,15.24016818,18 ,2
42.37816312,41.83064329,100.1465858,67.04519682,130.6934434,62.87328904,17.97801288,48.79639648,14.82836554,18 ,2
15,53.68673309,94.29633526,76.96954405,122.7826245,59.54487755,22.45714726,39.43881253,13.46191571,13 ,0
24.00624977,46.06661188,118.0497913,66.6618051,131.7682087,55.75763667,22.84880179,43.69939706,15.2157896,10 ,1
30.052437,50.28744823,127.7855623,81.73124638,124.5331992,54.30167072,20.97740866,61.69069526,9.362151653,10 ,0
30.46980594,62.78451863,120.7842997,73.69642192,127.2834489,63.29508736,19.50577399,35.57441994,13.04578536,13 ,2
25.49934529,51.91099068,124.9407153,68.92697856,146.7345209,44.82826303,22.17987695,61.14778791,11.62447671,18 ,0
36.22849932,50.46436548,98.64807367,74.47716926,143.4046105,67.50579168,10,41.77971846,14.54064631,20 ,2
19.32379571,36.40143859,88.67284,54.29123848,117.0041876,55.83805595,23.41034745,58.25432109,11.6543273,13 ,0
28.57620515,57.46253566,132.5200048,58.73232531,138.2973242,48.69930661,20.63088952,30.93184991,10.84517133,9 ,0
31.20295632,56.45484181,105.1598024,58.06074994,138.1139655,55.49987142,18.88762552,50.85904201,13.62272556,16 ,1
35.14438834,70,106.2375048,71.42943095,118.5173671,72.57149217,30.23431098,37.63229864,14.6285075,11 ,2
37.11614878,46.92221765,129.9229121,87.32514999,138.1877764,54.64664913,16.62532991,30.84732808,9.994964415,12 ,1
18.75357908,52.19150328,118.3434501,90,145.3793192,63.58453618,17.98462005,47.18534042,11.81677299,22 ,1
15,52.49383684,116.8383166,76.38051101,118.7745519,52.69043724,29.95776651,55.09471789,8.824678099,19 ,0
42.77676822,65.7745328,140,75.00844475,120.8249718,67.5792185,15.83969348,36.55058561,6,16 ,1
33.32314012,49.04704468,100.3472265,51.98942266,140.1766147,66.85507739,17.24942359,30.0098404,12.60137889,9 ,2
22.51513463,52.79021526,123.9176019,64.573262,132.7149531,78.48608833,19.26487288,44.08155236,13.82671607,16 ,2
45.51151976,56.0789651,110.8551969,62.12216248,135.5147628,58.24436055,24.20367241,44.12564671,12.78620043,20 ,2
31.15674634,51.86609123,114.0288842,63.79152402,133.4058922,66.68654805,21.03901254,50.48319628,6.151314847,13 ,1
41.79297184,45.53566385,132.9270264,68.31856181,133.9069592,60.9806754,13.53687326,54.49594571,10.94745171,22 ,2
30.67518481,51.94089993,117.6175363,65.27909422,116.7352787,72.95871782,17.33915718,44.40584819,6,21 ,1
50,60.7363175,118.0744412,50.2070019,140.4731771,52.81167612,16.96322783,63.55503315,16.10910332,23 ,2
47.55340842,39.73484701,126.0876101,77.47910256,141.6958999,67.45005313,19.61389477,47.24234745,8.741836254,17 ,2
27.51035852,51.32969674,104.5257091,59.27256974,127.7060926,58.05302704,22.12921829,41.53573494,15.76621083,18 ,1
39.71570951,42.99879185,97.41185499,72.39246864,129.5652305,59.35811823,22.09102878,30,14.83760893,22 ,1
36.4537595,61.95046629,94.32786209,90,114.688925,60.91752484,11.11994123,42.3734048,9.298228942,17 ,0
43.68631558,34.76813095,80.50465116,60.80615408,135.1425476,62.52240396,25.31970494,41.63613055,8.601645146,12 ,0
20.35076539,44.41078153,140,50,135.7205744,58.83770957,21.26284423,54.60304796,13.05111065,13 ,1
36.8605146,53.77211875,93.45187451,67.13995778,129.3780898,62.14713183,26.92266024,49.62483624,9.467027888,16 ,1
40.58424487,65.65524029,106.6811956,81.00959635,141.2435336,75.78118058,22.22099164,33.20630878,12.30745393,9 ,2
15,49.34249739,105.8478005,89.58347454,126.6592277,69.85449686,25.50661479,46.72254386,10.55151723,14 ,1
18.16741487,44.44800473,114.6111005,57.70450406,135.6460593,68.69154592,22.33272656,51.71531172,6.656524757,20 ,1
15,68.81157069,122.2360582,74.96699223,119.8033566,55.44460474,26.73112878,60.28031359,6,8 ,0
27.30593166,35.519861,122.9071023,65.34689543,129.7644785,51.10759172,22.61125318,53.87503967,12.68005275,23 ,0
37.17542256,30,101.2538384,68.94051646,128.2564574,69.55300558,19.51042377,52.60846654,10.31532676,21 ,1
45.02357052,54.4001445,107.4931743,90,132.2530792,68.76046793,31.3621736,45.60085995,10.34073055,13 ,2
30.7409478,44.97945776,114.2386993,54.97029672,126.3047307,74.72670676,24.44518561,48.88312005,14.08759152,18 ,2
46.28615546,39.78767183,106.2696331,72.53739661,128.685274,53.96019374,22.86872211,57.49504901,15.52032683,15 ,1
16.19898542,57.08356447,134.1101836,74.67693172,138.2604717,57.70451345,13.61847792,31.67222603,11.18236584,21 ,1
15,52.43800714,117.3646243,80.85786325,125.6323576,43.60515837,13.55846191,41.50560673,10.97820388,20 ,0
29.44452301,44.35921369,121.0231668,70.97983153,113.934229,56.07528894,21.46357741,37.27431251,13.5004291,8 ,1
33.84065449,37.19695601,119.943219,73.0805054,147.495839,69.96570511,20.72760599,48.79153119,7.929193291,18 ,2
29.67305252,58.72457328,127.6021079,66.08351433,143.8145408,55.33504621,16.92938717,57.30222176,12.66945916,14 ,1
15,56.50201178,112.7153234,72.69126941,117.077373,66.40479795,20.7049135,39.03025713,13.65565792,15 ,1
29.1087996,49.00824136,90.54752078,66.56807725,136.8970781,58.09496894,27.94313464,30,14.04069063,11 ,1
16.95530499,68.46636996,115.9953193,76.2157189,124.9702523,63.24057028,23.47701237,40.87779255,6.189741892,24 ,0
36.69672549,39.29915234,100.2296466,66.30389664,132.6348722,48.5230861,14.29495745,54.13473732,9.715934191,20 ,0
33.66598246,34.74474829,102.0707498,73.77100394,132.9422413,60.8520945,19.44245586,50.37629903,9.365210242,11 ,0
20.60120214,43.0809193,118.7954603,69.70737186,127.655922,40,15.9751676,49.28186248,12.29966086,8 ,0
24.86133083,49.54413984,128.5742461,81.26050251,122.1623433,58.13103842,18.06150042,42.20006698,13.44223374,13 ,1
19.40786478,52.43339449,110.3190737,69.48606276,123.0945895,43.69526756,17.93192167,32.20969264,16.49013122,17 ,0
29.37320903,47.58763942,114.6324952,52.26967532,120.8380808,72.05994517,17.61177209,50.15294322,10.51510356,16 ,2
39.55142321,53.52055397,135.5332242,82.61921501,121.6817779,67.77407353,13.72432314,36.6571819,10.50728251,21 ,2
20.14273954,37.48460576,113.6112977,60.94267699,129.3282171,64.66670982,19.36172659,65,15.44901606,19 ,2
35.04046516,64.43764604,140,63.46233661,122.8424001,75.21006227,17.19696182,50.70507208,12.88973082,20 ,2
24.69742382,49.17848822,118.4826447,64.04338706,136.8205207,50.51083479,10,39.19351697,15.80295453,17 ,1
22.07127168,61.17295832,83.58855861,83.74438093,144.8724616,77.47363198,30.26486012,38.88614753,12.86618401,8 ,2
28.9296964,53.42725346,121.3001243,50,124.1994676,69.32191564,25.44384827,44.07055793,8.528650144,14 ,1
19.64757678,54.56753219,115.7173758,90,132.394045,57.63444713,18.11849638,42.60498078,8.000614936,20 ,0
24.46350695,55.6976728,129.3462913,80.56056809,134.9968511,71.35620147,20.09409525,56.16833776,7.345463253,15 ,2
18.02122107,54.4770856,120.0977203,72.23238914,134.7200227,48.93706488,14.14172826,46.8641617,13.9861555,18 ,0
49.64725133,56.4272276,107.9231602,69.45105999,130.7595527,51.75485838,28.47861439,37.68368261,15.56579047,13 ,1
30.35263552,63.2915253,91.63552646,72.85554075,137.4268242,53.91410277,29.48644347,63.90440685,17.54808642,10 ,1
23.00274492,51.9652117,106.8646511,75.21122428,134.8224895,54.71022292,20.78346864,45.49308332,14.529316,14 ,1
32.13979911,57.09003758,97.24219319,76.45215586,117.6233758,49.43442357,25.11765322,52.68839676,15.48851573,17 ,1
28.8767195,49.10264306,101.2921483,75.55604466,138.6915606,72.23083067,20.87643389,38.91773493,10.259951,12 ,2
27.790304,64.40117215,118.8286761,70.89580681,138.8729084,57.411456,13.31637281,48.63115628,8.53075255,14 ,0
36.141667,43.23607698,135.0485676,68.0266158,122.367139,63.52504968,17.94088316,48.11109991,14.550238,10 ,2
37.5750771,68.00940433,115.9200729,68.48726716,130.3793784,54.29648634,20.65963983,30,13.25304226,21 ,1
24.69498852,49.59842049,92.06175407,68.0509172,136.8332899,41.79396699,17.72726141,65,12.32233312,14 ,0
24.24181759,35.69224898,116.66904,81.33770097,127.9068618,62.70057358,18.90673361,57.90644461,13.16211444,22 ,1
27.24948303,51.28104415,127.9494723,75.93556722,140.7297805,40.87745025,19.54300221,41.02804684,12.96955645,23 ,0
15,43.18948343,100.8532564,50,153.6387249,59.31365954,19.59560751,33.9773026,15.85145058,15 ,1
15,58.40643549,107.9897425,76.55900777,122.1401397,46.31684961,20.26129245,48.47561614,15.88495675,10 ,0
43.66874267,43.47376021,110.2203229,71.94736195,116.189554,79.87275999,14.69697467,45.86697699,13.63266106,8 ,2
46.44967714,45.53816567,98.2265253,69.81291244,133.038186,69.11362722,16.41491925,48.55668949,14.53740862,8 ,2
27.5096396,31.10459269,119.7242065,66.11481547,137.2156251,61.05753791,13.57707867,46.91577396,13.54218766,8 ,1
35.76556963,45.47693681,108.1857778,81.2411272,127.6913363,72.63706678,24.88907775,50.06240989,10.6164908,22 ,2
33.11250155,30,116.2929867,79.47526462,144.5326066,51.53684023,10,59.47305699,14.26969402,16 ,1
50,34.16097177,96.68761733,62.27122332,116.613942,65.43479379,25.76795172,50.68103205,7.816514793,17 ,1
41.19574911,57.60414656,103.4381255,74.07052287,136.9291862,61.99810434,26.93174699,34.50344501,15.16167466,8 ,2
28.72082409,57.85800159,120.8357204,60.28343265,123.9413918,62.64020081,18.48909707,58.62562853,8.416431181,9 ,1
20.44459559,54.25457562,104.4075027,56.20381835,147.1937791,72.723535,10,61.40614563,12.85740986,19 ,2
15,40.33023857,135.9044578,63.73282775,149.9251535,67.32492103,18.19344719,65,9.464538125,16 ,2
32.03463636,49.52288644,104.0054572,78.62393472,122.3334341,62.88723663,19.67907919,33.76505967,13.66016695,14 ,1
22.43649255,49.96397461,113.3702709,79.53125045,124.5044286,43.45112564,14.9470089,47.42882013,11.89822432,18 ,0
15.7774629,38.41635311,123.9888625,75.1308542,138.5958789,50.39953705,17.42390803,30,7.215732126,23 ,0
23.53427116,65.03398302,88.72451401,77.25095787,126.1286935,58.77291066,27.65097599,50.53149156,13.26209889,14 ,1
19.18451996,58.77362291,83.58786782,75.16178287,129.5458878,60.93372374,23.32463581,39.51799702,10.26623767,15 ,0
46.87141635,47.79035826,87.11515528,63.58518405,130.2538842,48.69796275,15.37717943,64.23445795,14.64344016,16 ,1
38.81639757,50.26885839,128.9387616,74.31922545,110.8032684,80,12.01200415,37.2538503,12.00397707,25 ,2
29.92027359,52.08382808,101.7221278,78.00409525,129.8616225,75.16394055,18.36491341,30,13.18626296,8 ,2
44.79944139,30,140,77.5429133,123.1027223,66.0211832,18.9327161,40.28736259,9.127293135,18 ,2
30.77368308,47.52822617,101.536286,81.88913371,125.0687718,60.72036861,22.48099594,30,10.23200331,14 ,0
21.38715799,43.18015752,112.7682695,77.08303847,144.43632,57.8779103,17.32341644,52.51099455,10.62408409,18 ,1
45.23124077,39.9837999,133.1316493,73.51448208,117.4349311,50.4808154,22.55749788,30,14.57010744,12 ,1
35.38910044,47.18899707,140,80.70150238,138.1320519,60.77480519,29.6757702,45.28457581,17.03213126,15 ,2
19.62753846,67.97686527,140,69.73478741,127.2103707,62.5775254,24.07750511,30,9.584484745,19 ,1
28.09661322,56.40842861,128.1254935,61.18125349,127.2023983,47.58239425,19.75955746,41.79702195,15.23054443,25 ,1
21.24381747,44.2882101,125.3609379,68.36933036,137.903719,63.34176417,19.08424764,61.43378156,6,19 ,0
16.17200269,55.72582781,118.8879042,62.55097355,133.4005129,58.44740951,18.21663433,48.60647891,8.417431797,11 ,0
